ThPP ID,Therapeutic peptide Name,Peptide Sequence,Mode of Activity,Molecular Weight (Daltons),Chemical Formula,Isoelectric Point,Hydrophobicity,Melting Point
Th1134,Asparaginase erwinia chrysanthemi,ADKLPNIVILATGGTIAGSAATGTQTTGYKAGALGVDTLINAVPEVKKLANVKGEQFSNMASENMTGDVVLKLSQRVNELLARDDVDGVVITHGTDTVEESAYFLHLTVKSDKPVVFVAAMRPATAISADGPMNLLEAVRVAGDKQSRGRGVMVVLNDRIGSARYITKTNASTLDTFKANEEGYLGVIIGNRIYYQNRIDKLHTTRSVFDVRGLTSLPKVDILYGYQDDPEYLYDAAIQHGVKGIVYAGMGAGSV,Ic,140000,C1546H2510N432O476S9,N.A.,N.A.,N.A.
Th1097,Alglucosidase alfa,AHPGRPRAVPTQCDVPPNSRFDCAPDKAITQEQCEARGCCYIPAKQGLQGAQMGQPWCFFPPSYPSYKLENLSSSEMGYTATLTRTTPTFFPKDILTLRLDVMMETENRLHFTIKDPANRRYEVPLETPHVHSRAPSPLYSVEFSEEPFGVIVRRQLDGRVLLNTTVAPLFFADQFLQLSTSLPSQYITGLAEHLSPLMLSTSWTRITLWNRDLAPTPGANLYGSHPFYLALEDGGSAHGVFLLNSNAMDVVLQP,Ic,105270.802,C4435H6739N1175O1279S32,N.A.,N.A.,N.A.
Th1238,Susoctocog alfa,AIRRYYLGAVELSWDYRQSELLRELHVDTRFPATAPGALPLGPSVLYKKTVFVEFTDQLFSVARPRPPWMGLLGPTIQAEVYDTVVVTLKNMASHPVSLHAVGVSFWKSSEGAEYEDHTSQREKEDDKVLPGKSQTYVWQVLKENGPTASDPPCLTYSYLSHVDLVKDLNSGLIGALLVCREGSLTRERTQNLHEFVLLFAVFDEGKSWHSARNDSWTRAMDPAPARAQPAMHTVNGYVNRSLPGLIGCHKKSVYWHVIGMGTSPEVHSIFLEGHTFLVRHHRQASLEISPLTFLTAQTFLMDLGQFLLFCHISSHHHGGMEAHVRVESCAEEPQLRRKADEEEDYDDNLYDSDMDVVRLDGDDVSPFIQIRSVAKKHPKTWVHYISAEEEDWDYAPAVPSPSDRSYKSLYLNSGPQRIGRKYKKARFVAYTDVTFKTRKAIPYESGILGPLLYGEVGDTLLIIFKNKASRPYNIYPHGITDVSALHPGRLLKGWKHLKDMPILPGETFKYKWTVTVEDGPTKSDPRCLTRYYSSSINLEKDLASGLIGPLLICYKESVDQRGNQMMSDKRNVILFSVFDENQSWYLAENIQRFLPNPDGLQPQDPEFQASNIMHSINGYVFDSLQLSVCLHEVAYWYILSVGAQTDFLSVFFSGYTFKHKMVYEDTLTLFPFSGETVFMSMENPGLWVLGCHNSDLRNRGMTALLKVYSCDRDIGDYYDNTYEDIPGFLLSGKNVIEPRSFAQNSRPPSASAPKPPVLRRHQRDISLPTFQPEEDKMDYDDIFSTETKGEDFDIYGEDENQDPRSFQKRTRHYFIAAVEQLWDYGMSESPRALRNRAQNGEVPRFKKVVFREFADGSFTQPSYRGELNKHLGLLGPYIRAEVEDNIMVTFKNQASRPYSFYSSLISYPDDQEQGAEPRHNFVQPNETRTYFWKVQHHMAPTEDEFDCKAWAYFSDVDLEKDVHSGLIGPLLICRANTLNAAHGRQVTVQEFALFFTIFDETKSWYFTENVERNCRAPCHLQMEDPTLKENYRFHAINGYVMDTLPGLVMAQNQRIRWYLLSMGSNENIHSIHFSGHVFSVRKKEEYKMAVYNLYPGVFETVEMLPSKVGIWRIECLIGEHLQAGMSTTFLVYSKECQAPLGMASGRIRDFQITASGQYGQWAPKLARLHYSGSINAWSTKDPHSWIKVDLLAPMIIHGIMTQGARQKFSSLYISQFIIMYSLDGRNWQSYRGNSTGTLMVFFGNVDASGIKHNIFNPPIVARYIRLHPTHYSIRSTLRMELMGCDLNSCSMPLGMQNKAISDSQITASSHLSNIFATWSPSQARLHLQGRTNAWRPRVSSAEEWLQVDLQKTVKVTGITTQGVKSLLSSMYVKEFLVSSSQDGRRWTLFLQDGHTKVFQGNQDSSTPVVNALDPPLFTRYLRIHPTSWAQHIALRLEVLGCEAQDLY,Ib,NA,NA,NA,NA,NA
Th1136,Glucarpidase,ALAQKRDNVLFQAATDEQPAVIKTLEKLVNIETGTGDAEGIAAAGNFLEAELKNLGFTVTRSKSAGLVVGDNIVGKIKGRGGKNLLLMSHMDTVYLKGILAKAPFRVEGDKAYGPGIADDKGGNAVILHTLKLLKEYGVRDYGTITVLFNTDEEKGSFGSRDLIQEEAKLADYVLSFEPTSAGDEKLSLGTSGIAYVQVNITGKASHAGAAPELGVNALVEASDLVLRTMNIDDKAKNLRFNWTIAKAGNVSNII,Ic,44016.6653,C1950H3157N543O599S7,N.A.,N.A.,N.A.
Th1032,Coagulation factor VIIa,ANAFLEELRPGSLERECKEEQCSFEEAREIFKDAERTKLFWISYSDGDQCASSPCQNGGSCKDQLQSYICFCLPAFEGRNCETHKDDQLICVNENGGCEQYCSDHTGTKRSCRCHEGYSLLADGVSCTPTVEYPCGKIPILEKRNASKPQGRIVGGKVCPKGECPWQVLLLVNGAQLCGGTLINTIWVVSAAHCFDKIKNWRNLIAVLGEHDLSEHDGDEQSRRVAQVIIPSTYVPGTTNHDIALLRLHQPVVLT,Ib,45079.1,C1972H3076N560O597S28,6.09,-0.311,58
Th1235,Protein S human,ANSLLEETKQGNLERECIEELCNKEEAREVFENDPETDYFYPKYLVCLRSFQTGLFTAARQSTNAYPDLRSCVNAIPDQCSPLPCNEDGYMSCKDGKASFTCTCKPGWQGEKCEFDINECKDPSNINGGCSQICDNTPGSYHCSCKNGFVMLSNKKDCKDVDECSLKPSICGTAVCKNIPGDFECECPEGYRYNLKSKSCEDIDECSENMCAQLCVNYPGGYTCYCDGKKGFKLAQDQKSCEVVSVCLPLNLDTKYELLYLAEQFAGVVLYLKFRLPEISRFSAEFDFRTYDSEGVILYAESIDHSAWLLIALRGGKIEVQLKNEHTSKITTGGDVINNGLWNMVSVEELEHSISIKIAKEAVMDINKPGPLFKPENGLLETKVYFAGFPRKVESELIKPINPRLDGCIRSWNLMKQGASGIKEIIQEKQNKHCLVTVEKGSYYPGSGIAQFHIDYNNVSSAEGWHVNVTLNIRPSTGTGVMLALVSGNNTVPFAVSLVDSTSEKSQDILLSVENTVIYRIQALSLCSDQQSHLEFRVNRNNLELSTPLKIETISHEDLQRQLAVLDKAMKAKVATYLGGLPDVPFSATPVNAFYNGCMEVNINGVQLDLDEAISKHNDIRAHSCPSVWKKTKNS,Ib,69000,NA,5.0-5.5 (7),NA,NA
Th1017,Sargramostim,APARSPSPSTQPWEHVNAIQEALRLLNLSRDTAAEMNETVEVISEMFDLQEPTCLQTRLELYKQGLRGSLTKLKGPLTMMASHYKQHCPPTPETSCATQIITFESFKENLKDFLLVIPFDCWEPVQE,Ib,14434.5,C639H1006N168O196S8,5.05,N.A.,N.A.
Th1076,Laronidase,APHLVQVDAARALWPLRRFWRSTGFCPPLPHSQADQYVLSWDQQLNLAYVGAVPHRGIKQVRTHWLLELVTTRGSTGRGLSYNFTHLDGYLDLLRENQLLPGFELMGSASGHFTDFEDKQQVFEWKDLVSSLARRYIGRYGLAHVSKWNFETWNEPDHHDFDNVSMTMQGFLNYYDACSEGLRAASPALRLGGPGDSFHTPPRSPLSWGLLRHCHDGTNFFTGEAGVRLDYISLHRKGARSSISILEQEKVVAQQ,Ia,69899.4,C3160H4848N898O881S12,9.09,-0.3,N.A.
Th1022,Antihemophilic Factor,ATRRYYLGAVELSWDYMQSDLGELPVDARFPPRVPKSFPFNTSVVYKKTLFVEFTDHLFNIAKPRPPWMGLLGPTIQAEVYDTVVITLKNMASHPVSLHAVGVSYWKASEGAEYDDQTSQREKEDDKVFPGGSHTYVWQVLKENGPMASDPLCLTYSYLSHVDLVKDLNSGLIGALLVCREGSLAKEKTQTLHKFILLFAVFDEGKSWHSETKNSLMQDRDAASARAWPKMHTVNGYVNRSLPGLIGCHRKSVYW,Ia,264725.5,C11794H18314N3220O3553S83,6.97,-0.533,N.A.
Th1014,Salmon Calcitonin,CSNLSTCVLGKLSQELHKLQTYPRTNTGSGTP,Ib,3431.853,C145H240N44O48S2,8.86,-0.537,N.A.
Th1030,Interferon gamma-1b,CYCQDPYVKEAENLKKYFNAGHSDVADNGTLFLGILKNWKEESDRKIMQSQIVSFYFKLFKNFKDDQSIQKSVETIKEDMNVKFFNSNKKKRDDFEKLTNYSVTDLNVQRKAIHELIQVMAELSPAAKTGKRKRSQMLFRGRRASQ,Ib,17145.6,C761H1206N214O225S6,9.54,-0.823,61
Th1079,Serum albumin,DAHKSEVAHRFKDLGEENFKALVLIAFAQYLQQCPFEDHVKLVNEVTEFAKTCVADESAENCDKSLHTLFGDKLCTVATLRETYGEMADCCAKQEPERNECFLQHKDDNPNLPRLVRPEVDVMCTAFHDNEETFLKKYLYEIARRHPYFYAPELLFFAKRYKAAFTECCQAADKAACLLPKLDELRDEGKASSAKQRLKCASLQKFGERAFKAWAVARLSQRFPKAEFAEVSKLVTDLTKVHTECCHGDLLECAD,IV,66472.2,C2936H4624N786O889S41,5.67,-0.395,62
Th1170,Blinatumomab,DIQLTQSPASLAVSLGQRATISCKASQSVDYDGDSYLNWYQQIPGQPPKLLIYDASNLVSGIPPRFSGSGSGTDFTLNIHPVEKVDAATYHCQQSTEDPWTFGGGTKLEIKGGGGSGGGGSGGGGSQVQLQQSGAELVRPGSSVKISCKASGYAFSSYWMNWVKQRPGQGLEWIGQIWPGDGDTNYNGKFKGKATLTADESSSTAYMQLSSLASEDSAVYFCARRETTTVGRYYYAMDYWGQGTTVTVSSGGGGSDIKLQQSGAELARPGASVKMSCKTSGYTFTRYTMHWVKQRPGQGLEWIGYINPSRGYTNYNQKFKDKATLTTDKSSSTAYMQLSSLTSEDSAVYYCARYYDDHYCLDYWGQGTTLTVSSVEGGSGGSGGSGGSGGVDDIQLTQSPAIMSASPGEKVTMTCRASSSVSYMNWYQQKSGTSPKRWIYDTSKVASGVPYRFSGSGSGTSYSLTISSMEAEDAATYYCQQWSSNPLTFGAGTKLELKHHHHHH,IIIc,54100,C2367H3577N649O772S19,NA,NA,NA
Th1091,Bevacizumab,DIQMTQSPSSLSASVGDRVTITCSASQDISNYLNWYQQKPGKAPKVLIYFTSSLHSGVPSRFSGSGSGTDFTLTISSLQPEDFATYYCQQYSTVPWTFGQGTKVEIKRTVAAPSVFIFPPSDEQLKSGTASVVCLLNNFYPREAKVQWKVDNALQSGNSQESVTEQDSKDSTYSLSSTLTLSKADYEKHKVYACEVTHQGLSSPVTKSFNRGEC,IIa,149000,C6538H10034N1716O2033S44,N.A.,N.A.,61 (FAB fragment)
Th1113,Glatiramer acetate,EAYKAAEKAYAAKEAAKEAAKAKAEKKAAYAKAKAAKYEKKAKKAAAEYKKK,IIa,5000-9000,C254H422N70O72,N.A.,N.A.,N.A.
Th1047,Alpha-1-proteinase inhibitor,EDPQGDAAQKTDTSHHDQDHPTFNKITPNLAEFAFSLYRQLAHQSNSTNIFFSPVSIATAFAMLSLGTKADTHDEILEGLNFNLTEIPEAQIHEGFQELLRTLNQPDSQLQLTTGNGLFLSEGLKLVDKFLEDVKKLYHSEAFTVNFGDTEEAKKQINDYVEKGTQGKIVDLVKELDRDTVFALVNYIFFKGKWERPFEVKDTEEEDFHVDQVTTVKVPMMKRLGMFNIQHCKKLSSWVLLMKYLGNATAIFFLP,IIa,44324.5,C2001H3130N514O601S10,5.37,-0.302,59
Th1131,Taliglucerase alfa,EFARPCIPKSFGYSSVVCVCNATYCDSFDPPTFPALGTFSRYESTRSGRRMELSMGPIQANHTGTGLLLTLQPEQKFQKVKGFGGAMTDAAALNILALSPPAQNLLLKSYFSEEGIGYNIIRVPMASCDFSIRTYTYADTPDDFQLHNFSLPEEDTKLKIPLIHRALQLAQRPVSLLASPWTSPTWLKTNGAVNGKGSLKGQPGDIYHQTARYFVKFLDAYAEHKLQFWAVTAENEPSAGLLSGYPFQCLGFTPE,Ia,56637.9397,C2580H3918N680O727S17,10.54,N.A.,N.A.
Th1099,Mecasermin,GPETLCGAELVDALQFVCGDRGFYFNKPTGYGSSSRRAPQTGIVDECCFRSCDLRRLEMYCAPLKPAKSA,Ib,7649,C331H518N94O101S7,N.A.,N.A.,N.A.
Th1033,Oprelvekin,GPPPGPPRVSPDPRAELDSTVLLTRSLLADTRQLAAQLRDKFPADGDHNLDSLPTLAMSAGALGALQLPGVLTRLRADLLSYLRHVQWLRRAGGSSLKTLEPELGTLQARLDRLLRRLQLLMSRLALPQPPPDPPAPPLAPPSSAWGGIRAAHAILGGLHLTLDWAVRGLLLLKTRL,Ib,19047.2,C854H1411N253O235S2,11.16,-0.07,N.A.
Th1124,Liraglutide,HAEGTFTSDVSSYLEGQAAKEEFIIAWLVKGRG,Ib,3751.2,C172H265N43O51,N.A.,N.A.,N.A.
Th1137,Teduglutide,HGDGSFSDEMNTILDNLAARDFINWLIQTKITD,Ia,3752,C164H252N44O55S,N.A.,N.A.,N.A.
Th1098,Exenatide,HGEGTFTSDLSKQMEEEAVRLFIEWLKNGGPSSGAPPPS,Ib,4186.6,C184H282N50O60S,N.A.,N.A.,N.A.
Th1176,Dulaglutide,HGEGTFTSDVSSYLEEQAAKEFIAWLVKGGGGGGGSGGGGSGGGGSAESKYGPPCPPCPAPEAAGGPSVFLFPPKPKDTLMISRTPEVTCVVVDVSQEDPEVQFNWYVDGVEVHNAKTKPREEQFNSTYRVVSVLTVLHQDWLNGKEYKCKVSNKGLPSSIEKTISKAKGQPREPQVYTLPPSQEEMTKNQVSLTCLVKGFYPSDIAVEWESNGQPENNYKTTPPVLDSDGSFFLYSRLTVDKSRWQEGNVFSCSVMHEALHNHYTQKSLSLSLG,Ib,59669.81,C2646H4044N704O836S18,NA,NA,NA
Th1161,Albiglutide,HGEGTFTSDVSSYLEGQAAKEFIAWLVKGRHGEGTFTSDVSSYLEGQAAKEFIAWLVKGRDAHKSEVAHRFKDLGEENFKALVLIAFAQYLQQCPFEDHVKLVNEVTEFAKTCVADESAENCDKSLHTLFGDKLCTVATLRETYGEMADCCAKQEPERNECFLQHKDDNPNLPRLVRPEVDVMCTAFHDNEETFLKKYLYEIARRHPYFYAPELLFFAKRYKAAFTECCQAADKAACLLPKLDELRDEGKASSAKQRLKCASLQKFGERAFKAWAVARLSQRFPKAEFAEVSKLVTDLTKVHTECCHGDLLECADDRADLAKYICENQDSISSKLKECCEKPLLEKSHCIAEVENDEMPADLPSLAADFVESKDVCKNYAEAKDVFLGMFLYEYARRHPDYSVVLLLRLAKTYETTLEKCCAAADPHECYAKVFDEFKPLVEEPQNLIKQNCELFEQLGEYKFQNALLVRYTKKVPQVSTPTLVEVSRNLGKVGSKCCKHPEAKRMPCAEDYLSVVLNQLCVLHEKTPVSDRVTKCCTESLVNRRPCFSALEVDETYVPKEFNAETFTFHADICTLSEKERQIKKQTALVELVKHKPKATKEQLKAVMDDFAAFVEKCCKADDKETCFAEEGKKLVAASQAALGL,Ib,72970,C3232H5032N864O979S41,NA,NA,NA
Th1100,Pramlintide,KCNTATCATQRLANFLVHSSNNFGPILPPTNVGSNTY,Ia,3949.3896,C171H267N51O53S2,N.A.,N.A.,N.A.
Th1155,Urokinase,KPSSPPEELKFQCGQKTLRPRFKIIGGEFTTIENQPWFAAIYRRHRGGSVTYVCGGSLMSPCWVISATHCFIDYPKKEDYIVYLGRSRLNSNTQGEMKFEVENLILHKDYSADTLAHHNDIALLKIRSKEGRCAQPSRTIQTICLPSMYNDPQFGTSCEITGFGKENSTDYLYPEQLKMTVVKLISHRECQQPHYYGSEVTTKMLCAADPQWKTDSCQGDSGGPLVCSLQGRMTLTGIVSWGRGCALKDKPGVYT,Ib,31126.5,C1376H2145N383O406S18,8.66,-0.466,76
Th1085,Agalsidase beta,LDNGLARTPTMGWLHWERFMCNLDCQEEPDSCISEKLFMEMAELMVSEGWKDAGYEYLCIDDCWMAPQRDSEGRLQADPQRFPHGIRQLANYVHSKGLKLGIYADVGNKTCAGFPGSFGYYDIDAQTFADWGVDLLKFDGCYCDSLENLADGYKHMSLALNRTGRSIVYSCEWPLYMWPFQKPNYTEIRQYCNHWRNFADIDDSWKSIKSILDWTSFNQERIVDVAGPGGWNDPDMLVIGNFGLSWNQQVTQMAL,Ia,45351.6,C2029H3080N544O587S27,5.17,-0.307,N.A.
Th1003,Dornase alfa,LKIAAFNIQTFGETKMSNATLVSYIVQILSRYDIALVQEVRDSHLTAVGKLLDNLNQDAPDTYHYVVSEPLGRNSYKERYLFVYRPDQVSAVDSYYYDDGCEPCGNDTFNREPAIVRFFSRFTEVREFAIVPLHAAPGDAVAEIDALYDVYLDVQEKWGLEDVMLMGDFNAGCSYVRPSQWSSIRLWTSPTFQWLIPDSADTTATPTHCAYDRIVVAGMLLRGAVVPDSALPFNFQAAYGLSDQLAQAISDHYPV,Ib,29253.9,C1321H1999N339O396S9,4.58,-0.083,67
Th1005,Etanercept,LPAQVAFTPYAPEPGSTCRLREYYDQTAQMCCSKCSPGQHAKVFCTKTSDTVCDSCEDSTYTQLWNWVPECLSCGSRCSSDQVETQACTREQNRICTCRPGWYCALSKQEGCRLCAPLRKCRPGFGVARPGTETSDVVCKPCAPGTFSNTTSSTDICRPHQICNVVAIPGNASMDAVCTSTSPTRSMAPGAVHLPQPVSTRSQHTQPTPEPSTAPSTSFLLPMGPSPPAEGSTGDEPKSCDKTHTCPPCPAPELL,IIa,51234.9,C2224H3475N621O698S36,7.89,-0.529,71
Th1166,Asfotase Alfa,LVPEKEKDPKYWRDQAQETLKYALELQKLNTNVAKNVIMFLGDGMGVSTVTAARILKGQLHHNPGEETRLEMDKFPFVALSKTYNTNAQVPDSAGTATAYLCGVKANEGTVGVSAATERSRCNTTQGNEVTSILRWAKDAGKSVGIVTTTRVNHATPSAAYAHSADRDWYSDNEMPPEALSQGCKDIAYQLMHNIRDIDVIMGGGRKYMYPKNKTDVEYESDEKARGTRLDGLDLVDTWKSFKPRYKHSHFIWNRTELLTLDPHNVDYLLGLFEPGDMQYELNRNNVTDPSLSEMVVVAIQILRKNPKGFFLLVEGGRIDHGHHEGKAKQALHEAVEMDRAIGQAGSLTSSEDTLTVVTADHSHVFTFGGYTPRGNSIFGLAPMLSDTDKKPFTAILYGNGPGYKVVGGERENVSMVDYAHNNYQAQSAVPLRHETHGGEDVAVFSKGPMAHLLHGVHEQNYVPHVMAYAACIGANLGHCAPASSLKDKTHTCPPCPAPELLGGPSVFLFPPKPKDTLMISRTPEVTCVVVDVSHEDPEVKFNWYVDGVEVHNAKTKPREEQYNSTYRVVSVLTVLHQDWLNGKEYKCKVSNKALPAPIEKTISKAKGQPREPQVYTLPPSREEMTKNQVSLTCLVKGFYPSDIAVEWESNGQPENNYKTTPPVLDSDGSFFLYSKLTVDKSRWQQGNVFSCSVMHEALHNHYTQKSLSLSPGKDIDDDDDDDDDD,Ia,180000,C7108H11008N1968O2206S56,NA,NA,NA
Th1001,Lepirudin,LVYTDCTESGQNLCLCEGSNVCGQGNKCILGSDGEKNQCVTGEGTPKPQSHNDGDFEEIPEEYLQ,Ia,6963.425,C287H440N80O110S6,4.04,-0.777,65
Th1215,Thyroglobulin,MALVLEIFTLLASICWVSANIFEYQVDAQPLRPCELQRETAFLKQADYVPQCAEDGSFQTVQCQNDGRSCWCVGANGSEVLGSRQPGRPVACLSFCQLQKQQILLSGYINSTDTSYLPQCQDSGDYAPVQCDVQQVQCWCVDAEGMEVYGTRQLGRPKRCPRSCEIRNRRLLHGVGDKSPPQCSAEGEFMPVQCKFVNTTDMMIFDLVHSYNRFPDAFVTFSSFQRRFPEVSGYCHCADSQGRELAETGLELLLDEIYDTIFAGLDLPSTFTETTLYRILQRRFLAVQSVISGRFRCPTKCEVERFTATSFGHPYVPSCRRNGDYQAVQCQTEGPCWCVDAQGKEMHGTRQQGEPPSCAEGQSCASERQQALSRLYFGTSGYFSQHDLFSSPEKRWASPRVARFATSCPPTIKELFVDSGLLRPMVEGQSQQFSVSENLLKEAIRAIFPSRGLARLALQFTTNPKRLQQNLFGGKFLVNVGQFNLSGALGTRGTFNFSQFFQQLGLASFLNGGRQEDLAKPLSVGLDSNSSTGTPEAAKKDGTMNKPTVGSFGFEINLQENQNALKFLASLLELPEFLLFLQHAISVPEDVARDLGDVMETVLSSQTCEQTPERLFVPSCTTEGSYEDVQCFSGECWCVNSWGKELPGSRVRGGQPRCPTDCEKQRARMQSLMGSQPAGSTLFVPACTSEGHFLPVQCFNSECYCVDAEGQAIPGTRSAIGKPKKCPTPCQLQSEQAFLRTVQALLSNSSMLPTLSDTYIPQCSTDGQWRQVQCNGPPEQVFELYQRWEAQNKGQDLTPAKLLVKIMSYREAASGNFSLFIQSLYEAGQQDVFPVLSQYPSLQDVPLAALEGKRPQPRENILLEPYLFWQILNGQLSQYPGSYSDFSTPLAHFDLRNCWCVDEAGQELEGMRSEPSKLPTCPGSCEEAKLRVLQFIRETEEIVSASNSSRFPLGESFLVAKGIRLRNEDLGLPPLFPPREAFAEQFLRGSDYAIRLAAQSTLSFYQRRRFSPDDSAGASALLRSGPYMPQCDAFGSWEPVQCHAGTGHCWCVDEKGGFIPGSLTARSLQIPQCPTTCEKSRTSGLLSSWKQARSQENPSPKDLFVPACLETGEYARLQASGAGTWCVDPASGEELRPGSSSSAQCPSLCNVLKSGVLSRRVSPGYVPACRAEDGGFSPVQCDQAQGSCWCVMDSGEEVPGTRVTGGQPACESPRCPLPFNASEVVGGTILCETISGPTGSAMQQCQLLCRQGSWSVFPPGPLICSLESGRWESQLPQPRACQRPQLWQTIQTQGHFQLQLPPGKMCSADYADLLQTFQVFILDELTARGFCQIQVKTFGTLVSIPVCNNSSVQVGCLTRERLGVNVTWKSRLEDIPVASLPDLHDIERALVGKDLLGRFTDLIQSGSFQLHLDSKTFPAETIRFLQGDHFGTSPRTWFGCSEGFYQVLTSEASQDGLGCVKCPEGSYSQDEECIPCPVGFYQEQAGSLACVPCPVGRTTISAGAFSQTHCVTDCQRNEAGLQCDQNGQYRASQKDRGSGKAFCVDGEGRRLPWWETEAPLEDSQCLMMQKFEKVPESKVIFDANAPVAVRSKVPDSEFPVMQCLTDCTEDEACSFFTVSTTEPEISCDFYAWTSDNVACMTSDQKRDALGNSKATSFGSLRCQVKVRSHGQDSPAVYLKKGQGSTTTLQKRFEPTGFQNMLSGLYNPIVFSASGANLTDAHLFCLLACDRDLCCDGFVLTQVQGGAIICGLLSSPSVLLCNVKDWMDPSEAWANATCPGVTYDQESHQVILRLGDQEFIKSLTPLEGTQDTFTNFQQVYLWKDSDMGSRPESMGCRKDTVPRPASPTEAGLTTELFSPVDLNQVIVNGNQSLSSQKHWLFKHLFSAQQANLWCLSRCVQEHSFCQLAEITESASLYFTCTLYPEAQVCDDIMESNAQGCRLILPQMPKALFRKKVILEDKVKNFYTRLPFQKLMGISIRNKVPMSEKSISNGFFECERRCDADPCCTGFGFLNVSQLKGGEVTCLTLNSLGIQMCSEENGGAWRILDCGSPDIEVHTYPFGWYQKPIAQNNAPSFCPLVVLPSLTEKVSLDSWQSLALSSVVVDPSIRHFDVAHVSTAATSNFSAVRDLCLSECSQHEACLITTLQTQPGAVRCMFYADTQSCTHSLQGQNCRLLLREEATHIYRKPGISLLSYEASVPSVPISTHGRLLGRSQAIQVGTSWKQVDQFLGVPYAAPPLAERRFQAPEPLNWTGSWDASKPRASCWQPGTRTSTSPGVSEDCLYLNVFIPQNVAPNASVLVFFHNTMDREESEGWPAIDGSFLAAVGNLIVVTASYRVGVFGFLSSGSGEVSGNWGLLDQVAALTWVQTHIRGFGGDPRRVSLAADRGGADVASIHLLTARATNSQLFRRAVLMGGSALSPAAVISHERAQQQAIALAKEVSCPMSSSQEVVSCLRQKPANVLNDAQTKLLAVSGPFHYWGPVIDGHFLREPPARALKRSLWVEVDLLIGSSQDDGLINRAKAVKQFEESRGRTSSKTAFYQALQNSLGGEDSDARVEAAATWYYSLEHSTDDYASFSRALENATRDYFIICPIIDMASAWAKRARGNVFMYHAPENYGHGSLELLADVQFALGLPFYPAYEGQFSLEEKSLSLKIMQYFSHFIRSGNPNYPYEFSRKVPTFATPWPDFVPRAGGENYKEFSELLPNRQGLKKADCSFWSKYISSLKTSADGAKGGQSAESEEEELTAGSGLREDLLSLQEPGSKTYSK,Ib,660,NA,,,
Th1036,Aldesleukin,MAPTSSSTKKTQLQLEHLLLDLQMILNGINNYKNPKLTRMLTFKFYMPKKATELKHLQCLEEELKPLEEVLNLAQSKNFHLRPRDLISNINVIVLELKGSETTFMCEYADETATIVEFLNRWITFCQSIISTLT,Ib,15314.8,C690H1115N177O202S6,7.31,-0.192,N.A.
Th1050,Pegademase bovine,MAQTPAFNKPKVELHVHLDGAIKPETILYYGRKRGIALPADTPEELQNIIGMDKPLSLPEFLAKFDYYMPAIAGCREAVKRIAYEFVEMKAKDGVVYVEVRYSPHLLANSKVEPIPWNQAEGDLTPDEVVSLVNQGLQEGERDFGVKVRSILCCMRHQPSWSSEVVELCKKYREQTVVAIDLAGDETIEGSSLFPGHVKAYAEAVKSGVHRTVHAGEVGSANVVKEAVDTLKTERLGHGYHTLEDATLYNRLRQE,Ia,40788.2,C1821H2834N484O552S14,5.33,-0.428,N.A.
Th1145,Romiplostim,MDKTHTCPPCPAPELLGGPSVFLFPPKPKDTLMISRTPEVTCVVVDVSHEDPEVKFNWYVDGVEVHNAKTKPREEQYNSTYRVVSVLTVLHQDWLNGKEYKCKVSNKALPAPIEKTISKAKGQPREPQVYTLPPSRDELTKNQVSLTCLVKGFYPSDIAVEWESNGQPENNYKTTPPVLDSDGSFFLYSKLTVDKSRWQQGNVFSCSVMHEALHNHYTQKSLSLSPGKGGGGGIEGPTLRQWLAARAGGGGGGGG,Ib,59000,C2634H4086N722O790S18,N.A.,N.A.,N.A.
Th1048,Pegaspargase,MEFFKKTALAALVMGFSGAALALPNITILATGGTIAGGGDSATKSNYTVGKVGVENLVNAVPQLKDIANVKGEQVVNIGSQDMNDNVWLTLAKKINTDCDKTDGFVITHGTDTMEETAYFLDLTVKCDKPVVMVGAMRPSTSMSADGPFNLYNAVVTAADKASANRGVLVVMNDTVLDGRDVTKTNTTDVATFKSVNYGPLGYIHNGKIDYQRTPARKHTSDTPFDVSKLNELPKVGIVYNYANASDLPAKALVD,Ic,31731.9,C1377H2208N382O442S17,4.67,0.059,N.A.
Th1004,Denileukin diftitox,MGADDVVDSSKSFVMENFSSYHGTKPGYVDSIQKGIQKPKSGTQGNYDDDWKGFYSTDNKYDAAGYSVDNENPLSGKAGGVVKVTYPGLTKVLALKVDNAETIKKELGLSLTEPLMEQVGTEEFIKRFGDGASRVVLSLPFAEGSSSVEYINNWEQAKALSVELEINFETRGKRGQDAMYEYMAQACAGNRVRRSVGSSLSCINLDWDVIRDKTKTKIESLKEHGPIKNKMSESPNKTVSEEKAKQYLEEFHQTA,IIb,57647.3,C2560H4042N678O799S17,5.45,-0.301,N.A.
Th1102,Abatacept,MHVAQPAVVLASSRGIASFVCEYASPGKATEVRVTVLRQADSQVTEVCAATYMMGNELTFLDDSICTGTSSGNQVNLTIQGLRAMDTGLYICKVELMYPPPYYLGIGNGTQIYVIDPEPCPDSDQEPKSSDKTHTSPPSPAPELLGGSSVFLFPPKPKDTLMISRTPEVTCVVVDVSHEDPEVKFNWYVDGVEVHNAKTKPREEQYNSTYRVVSVLTVLHQDWLNGKEYKCKVSNKALPAPIEKTISKAKGQPRE,IIa,92300,C3498H5458N922O1090S32,N.A.,N.A.,N.A.
Th1126,Belatacept,MHVAQPAVVLASSRGIASFVCEYASPGKYTEVRVTVLRQADSQVTEVCAATYMMGNELTFLDDSICTGTSSGNQVNLTIQGLRAMDTGLYICKVELMYPPPYYEGIGNGTQIYVIDPEPCPDSDQEPKSSDKTHTSPPSPAPELLGGSSVFLFPPKPKDTLMISRTPEVTCVVVDVSHEDPEVKFNWYVDGVEVHNAKTKPREEQYNSTYRVVSVLTVLHQDWLNGKEYKCKVSNKALPAPIEKTISKAKGQPRE,IIa,92300,C3508H5440N922O1096S32,N.A.,N.A.,N.A.
Th1154,OspA lipoprotein,MKKYLLGIGLILALIACKQNVSSLDEKNSVSVDVPGGMKVLVSKEKNKDGKYDLMATVDNVDLKGTSDKNNGSGILEGVKADKSKVKLTVADDLSKTTLEVLKEDGTVVSRKVTSKDKSTTEAKFNEKGELSEKTMTRANGTTLEYSQMTNEDNAAKAVETLKNGIKFEGNLASGKTAVEIKEGTVTLKREIDKNGKVTVSLNDTASGSKKTASWQESTSTLTISANSKKTKDLVFLTNGTITVQNYDSAGTKLE,IIIa,27743.1,C1198H2012N322O422S2,6.72,-0.652,N.A.
Th1072,Streptokinase,MKNYLSFGMFALLFALTFGTVNSVQAIAGPEWLLDRPSVNNSQLVVSVAGTVEGTNQDISLKFFEIDLTSRPAHGGKTEQGLSPKSKPFATDSGAMSHKLEKADLLKAIQEQLIANVHSNDDYFEVIDFASDATITDRNGKVYFADKDGSVTLPTQPVQEFLLSGHVRVRPYKEKPIQNQAKSVDVEYTVQFTPLNPDDDFRPGLKDTKLLKTLAIGDTITSQELLAQAQSILNKNHPGYTIYERDSSIVTHDND,Ic,47286.7,C2100H3278N566O669S4,5.12,-0.728,N.A.
Th1042,Collagenase,MKRKCLSKRLMLAITMATIFTVNSTLPIYAAVDKNNATAAVQNESKRYTVSYLKTLNYYDLVDLLVKTEIENLPDLFQYSSDAKEFYGNKTRMSFIMDEIGRRAPQYTEIDHKGIPTLVEVVRAGFYLGFHNKELNEINKRSFKERVIPSILAIQKNPNFKLGTEVQDKIVSATGLLAGNETAPPEVVNNFTPILQDCIKNIDRYALDDLKSKALFNVLAAPTYDITEYLRATKEKPENTPWYGKIDGFINELKK,Ic,112023.2,C5028H7666N1300O1564S21,5.58,-0.714,N.A.
Th1053,Serum albumin iodonated,MKWVTFISLLFLFSSAYSRGVFRRDAHKSEVAHRFKDLGEENFKALVLIAFAQYLQQCPFEDHVKLVNEVTEFAKTCVADESAENCDKSLHTLFGDKLCTVATLRETYGEMADCCAKQEPERNECFLQHKDDNPNLPRLVRPEVDVMCTAFHDNEETFLKKYLYEIARRHPYFYAPELLFFAKRYKAAFTECCQAADKAACLLPKLDELRDEGKASSAKQGLKCASLQKFGERAFKAWAVARLSQRFPKAEFAEV,IV,66472.2,C2936H4624N786O889S41,5.67,-0.395,62
Th1051,Human Serum Albumin,MKWVTFISLLFLFSSAYSRGVFRRDAHKSEVAHRFKDLGEENFKALVLIAFAQYLQQCPFEDHVKLVNEVTEFAKTCVADESAENCDKSLHTLFGDKLCTVATLRETYGEMADCCAKQEPERNECFLQHKDDNPNLPRLVRPEVDVMCTAFHDNEETFLKKYLYEIARRHPYFYAPELLFFAKRYKAAFTECCQAADKAACLLPKLDELRDEGKASSAKQRLKCASLQKFGERAFKAWAVARLSQRFPKAEFAEV,Ia,66472.2,C2936H4624N786O889S41,5.67,-0.395,62
Th1070,Botulinum Toxin Type A,MPFVNKQFNYKDPVNGVDIAYIKIPNVGQMQPVKAFKIHNKIWVIPERDTFTNPEEGDLNPPPEAKQVPVSYYDSTYLSTDNEKDNYLKGVTKLFERIYSTDLGRMLLTSIVRGIPFWGGSTIDTELKVIDTNCINVIQPDGSYRSEELNLVIIGPSADIIQFECKSFGHEVLNLTRNGYGSTQYIRFSPDFTFGFEESLEVDTNPLLGAGKFATDPAVTLAHELIHAGHRLYGIAINPNRVFKVNTNAYYEMSG,Ic,149322.7,C6760H10447N1743O2010S32,6.06,-0.368,N.A.
Th1037,Botulinum Toxin Type B,MPVTINNFNYNDPIDNNNIIMMEPPFARGTGRYYKAFKITDRIWIIPERYTFGYKPEDFNKSSGIFNRDVCEYYDPDYLNTNDKKNIFLQTMIKLFNRIKSKPLGEKLLEMIINGIPYLGDRRVPLEEFNTNIASVTVNKLISNPGEVERKKGIFANLIIFGPGPVLNENETIDIGIQNHFASREGFGGIMQMKFCPEYVSVFNNVQENKGASIFNRRGYFSDPALILMHELIHVLHGLYGIKVDDLPIVPNEKK,Ic,150804,C690H1115N177O202S6,N.A.,N.A.,N.A.
Th1023,Anakinra,MRPSGRKSSKMQAFRIWDVNQKTFYLRNNQLVAGYLQGPNVNLEEKIDVVPIEPHALFLGIHGGKMCLSCVKSGDETRLQLEAVNITDLSENRKQDKRFAFIRSDSGPTTSFESAACPGWFLCTAMEADQPVSLTNMPDEGVMVTKFYFQEDE,IIa,17257.6,C759H1186N208O232S10,5.46,-0.412,N.A.
Th1049,Interferon beta-1a,MSYNLLGFLQRSSNFQCQKLLWQLNGRLEYCLKDRMNFDIPEEIKQLQQFQKEDAALTIYEMLQNIFAIFRQDSSSTGWNETIVENLLANVYHQINHLKTVLEEKLEKEDFTRGKLMSSLHLKRYYGRILHYLKAKEYSHCAWTIVRVEILRNFYFINRLTGYLRN,Ib,20027,C908H1408N246O252S7,8.93,-0.427,N.A.
Th1057,Interferon beta-1b,MSYNLLGFLQRSSNFQSQKLLWQLNGRLEYCLKDRMNFDIPEEIKQLQQFQKEDAALTIYEMLQNIFAIFRQDSSSTGWNETIVENLLANVYHQINHLKTVLEEKLEKEDFTRGKLMSSLHLKRYYGRILHYLKAKEYSHCAWTIVRVEILRNFYFINRLTGYLRN,Ib,20011,C908H1408N246O253S6,9.02,-0.447,N.A.
Th1208,Metreleptin,MVPIQKVQDDTKTLIKTIVTRINDISHTQSVSSKQKVTGLDFIPGLHPILTLSKMDQTLAVYQQILTSMPSRNVIQISNDLENLRDLLHVLAFSKSCHLPWASGLETLDSLGGVLEASGYSTEVVALSRLQGSLQDMLWQLDLSPGC,Ib,16155.4429,C714H1167N191O221S6,NA,NA,NA
Th1059,Hyaluronidase,MWTGLGPAVTLALVLVVAWATELKPTAPPIFTGRPFVVAWDVPTQDCGPRHKMPLDPKDMKAFDVQASPNEGFVNQNITIFYRDRLGMYPHFNSVGGSVHGGVPQNGSLWVHLEMLKGHVEHYIRTQEPAGLAVIDWEDWRPVWVRNWQDKDVYRRLSRQLVASHHPDWPPERIVKEAQYEFEFAARQFMLETLRFVKAFRPRHLWGFYLFPDCYNHDYVQNWETYTGRCPDVEVSRNDQLSWLWAESTALFPSV,Ic,53870.9,C2455H3775N617O704S21,5.73,-0.117,N.A.
Th1090,Daclizumab,QVQLVQSGAEVKKPGSSVKVSCKASGYTFTSYRMHWVRQAPGQGLEWIGYINPSTGYTEYNQKFKDKATITADESTNTAYMELSSLRSEDTAVYYCARGGGVFDYWGQGTTLTVSSGPSVFPLAPSSKSTSGGTAALGCLVKDYFPEPVTVSWNSGALTSGVHTFPAVLQSSGLYSLSSVVTVPSSSLGTQTYICNVNHKPSNTKVDKKAEPKSCDKTHTCPPCPAPELLGGPSVFLFPPKPKDTLMISRTPEVT,Iia,142612.1,C6332H9808N1678O1989S42,8.46,-0.437,61 (FAB fragment)
Th1158,Aprotinin,RPDFCLEPPYTGPCKARIIRYFYNAKAGLCQTFVYGGCRAKRNNFKSAEDCMRTCGGA,IIa,6511.439,C284H432N84O79S7,N.A.,N.A.,>100
Th1043,Rasburicase,SAVKAARYGKDNVRVYKVHKDEKTGVQTVYEMTVCVLLEGEIETSYTKADNSVIVATDSIKNTIYITAKQNPVTPPELFGSILGTHFIEKYNHIHAAHVNIVCHRWTRMDIDGKPHPHSFIRDSEEKRNVQVDVVEGKGIDIKSSLSGLTVLKSTNSQFWGFLRDEYTTLKETWDRILSTDVDATWQWKNFSGLQEVRSHVPKFDATWATAREVTLKTFAEDNSASVQATMYKMAEQILARQQLIETVEYSLPNK,Ic,34109.5,C1521H2381N417O461S7,7.16,-0.465,N.A.
Th1133,Aflibercept,SDTGRPFVEMYSEIPEIIHMTEGRELVIPCRVTSPNITVTLKKFPLDTLIPDGKRIIWDSRKGFIISNATYKEIGLLTCEATVNGHLYKTNYLTHRQTNTIIDVVLSPSHGIELSVGEKLVLNCTARTELNVGIDFNWEYPSSKHQHKKLVNRDLKTQSGSEMKKFLSTLTIDGVTRSDQGLYTCAASSGLMTKKNSTFVRVHEKDKTHTCPPCPAPELLGGPSVFLFPPKPKDTLMISRTPEVTCVVVDVSHED,Ib,115000,C4318H6788N1164O1304S32,N.A.,N.A.,N.A.
Th1096,Idursulfase,SETQANSTTDALNVLLIIVDDLRPSLGCYGDKLVRSPNIDQLASHSLLFQNAFAQQAVCAPSRVSFLTGRRPDTTRLYDFNSYWRVHAGNFSTIPQYFKENGYVTMSVGKVFHPGISSNHTDDSPYSWSFPPYHPSSEKYENTKTCRGPDGELHANLLCPVDVLDVPEGTLPDKQSTEQAIQLLEKMKTSASPFFLAVGYHKPHIPFRYPKEFQKLYPLENITLAPDPEVPDGLPPVAYNPWMDIRQREDVQALN,Ia,76000,C2654H4000N688O774S14,N.A.,N.A.,N.A.
Th1101,Galsulfase,SGAGASRPPHLVFLLADDLGWNDVGFHGSRIRTPHLDALAAGGVLLDNYYTQPLCTPSRSQLLTGRYQIRTGLQHQIIWPCQPSCVPLDEKLLPQLLKEAGYTTHMVGKWHLGMYRKECLPTRRGFDTYFGYLLGSEDYYSHERCTLIDALNVTRCALDFRDGEEVATGYKNMYSTNIFTKRAIALITNHPPEKPLFLYLALQSVHEPLQVPEEYLKPYDFIQDKNRHHYAGMVSLMDEAVGNVTAALKSSGLWN,Ia,56012.6,C2534H3851N691O719S16,N.A.,N.A.,N.A.
Th1197,Sebelipase alfa,SGGKLTAVDPETNMNVSEIISYWGFPSEEYLVETEDGYILCLNRIPHGRKNHSDKGPKPV,Ia,55000,C1968H2945N507O551S15,NA,NA,NA
Th1084,Becaplermin,SLGSLTIAEPAMIAECKTRTEVFEISRRLIDRTNANFLVWPPCVEVQRCSGCCNNRNVQCRPTQVQLRPVQVRKIEIVRKKPIFKKATVTLEDHLACKCETVAAARPVT,Ib,12294.4,C532H892N162O153S9,9.38,-0.16,N.A.
Th1109,Nesiritide,SPKMVQGSGCFGRKMDRISSSSGLGCKVLRRH,Ib,3464,N.A.,N.A.,N.A.,N.A.
Th1034,Palifermin,SYDYMEGGDIRVRRLFCRTQWYLRIDKRGKVKGTQEMKNNYNIMEIRTVAVGIVAIKGVESEFYLAMNKEGKLYAKKECNEDCNFKELILENHYNTYASAKWTHNGGEMFVALNQKGIPVRGKKTKKEQKTAHFLPMAIT,Ib,16192.7,C721H1142N202O204S9,9.47,-0.65,N.A.
Th1012,Reteplase,SYQGNSDCYFGNGSAYRGTHSLTESGASCLPWNSMILIGKVYTAQNPSAQALGLGKHNYCRNPDGDAKPWCHVLKNRRLTWEYCDVPSCSTCGLRQYSQPQFRIKGGLFADIASHPWQAAIFAKHRRSPGERFLCGGILISSCWILSAAHCFQERFPPHHLTVILGRTYRVVPGEEEQKFEVEKYIVHKEFDDDTYDNDIALLQLKSDSSRCAQESSVVRTVCLPPADLQLPDWTECELSGYGKHEALSPFYSER,Ib,39589.6,C1736H2671N499O522S22,6.86,-0.435,60
Th1028,Tenecteplase,SYQVICRDEKTQMIYQQHQSWLRPVLRSNRVEYCWCNSGRAQCHSVPVKSCSEPRCFNGGTCQQALYFSDFVCQCPEGFAGKCCEIDTRATCYEDQGISYRGNWSTAESGAECTQWNSSALAQKPYSGRRPDAIRLGLGNHNYCRNPDRDSKPWCYVFKAGKYSSEFCSTPACSEGNSDCYFGNGSAYRGTHSLTESGASCLPWNSMILIGKVYTAQNPSAQALGLGKHNYCRNPDGDAKPWCHVLKNRRLTWEY,Ib,58951.2,C2561H3919N747O781S40,7.61,-0.528,60
Th1104,Corticotropin,SYSMEHFRWGKPVGKKRRPVKVYPDGAEDQLAEAFPLEF,IV,4541.0658,C207H308N56O58S,N.A.,N.A.,N.A.
Th1233,Pegloticase,TYKKNDEVEFVRTGYGKDMIKVLHIQRDGKYHSIKEVATTVQLTLSSKKDYLHGDNSDVIPTDTIKNTVNVLAKFKGIKSIETFAVTICEHFLSSFKHVIRAQVYVEEVPWKRFEKNGVKHVHAFIYTPTGTHFCEVEQIRNGPPVIHSGIKDLKVLKTTQSGFEGFIKDQFTTLPEVKDRCFATQVYCKWRYHQGRDVDFEATWDTVRSIVLQKFAGPYDKGEYSPSVQKTLYDIQVLTLGQVPEIEDMEISLPNIHYLNIDMSKMGLINKEEVLLPLDNPYGKITGTVKRKLSSRL,Ib,34192.8533,C1549H2430N408O448S8,NA,NA,NA
Th1157,Sermorelin,YADAIFTNSYRKVLGQLSARKLLQDIMSRQ,Ia,3357.882,C149H246N44O42S,9.99,-0.33,N.A.
Th1129,Tesamorelin,YADAIFTNSYRKVLGQLSARKLLQDIMSRQQGESNQERGARARL,Ib,5135.9,C221H366N72O67S _ xC2H4O2 where x averages 7.4 acetate counter ions per peptide molecule,N.A.,N.A.,N.A.
Th1083,Coagulation factor ix,YNSGKLEEFVQGNLERECMEEKCSFEEAREVFENTERTTEFWKQYVDGDQCESNPCLNGGSCKDDINSYECWCPFGFEGKNCELDVTCNIKNGRCEQFCKNSADNKVVCSCTEGYRLAENQKSCEPAVPFPCGRVSVSQTSKLTRAEAVFPDVDYVNSTEAETILDNITQSTQSFNDFTRVVGGEDAKPGQFPWQVVLNGKVDAFCGGSIVNEKWIVTAAHCVETGVKITVVAGEHNIEETEHTEQKRNVIRIIP,Ia,46548.2,C2041H3136N558O641S25,5.2,-0.431,54
Th1088,Enfuvirtide,YTSLIHSLIEESQNQQEKNEQELLELDKWASLWNWF,IIa,4491.876,C204H301N51O64,4.3,-0.875,N.A.